,Afghanistan,Algeria,Angola,Argentina,Armenia,Australia,Austria,Azerbaijan,"Bahamas, The",Bahrain,Bangladesh,Belarus,Belgium,Belize,Benin,Bhutan,Bolivia,Bosnia and Herzegovina,Botswana,Brazil,Brunei Darussalam,Burundi,Cabo Verde,Cambodia,Cameroon,Canada,Chile,China,Colombia,"Congo, Rep.",Costa Rica,Cote d'Ivoire,Croatia,Cyprus,Czech Republic,Denmark,Djibouti,Dominican Republic,Ecuador,"Egypt, Arab Rep.",El Salvador,Estonia,Eswatini,Ethiopia,Fiji,Finland,France,Gabon,"Gambia, The",Georgia,Germany,Ghana,Greece,Guatemala,Guinea,Guinea-Bissau,Guyana,Honduras,Hungary,Iceland,India,Indonesia,Iraq,Ireland,Israel,Italy,Jamaica,Japan,Jordan,Kazakhstan,Kenya,"Korea, Rep.",Kuwait,Kyrgyz Republic,Lao PDR,Latvia,Lebanon,Lesotho,Liberia,Lithuania,Luxembourg,Malawi,Malaysia,Maldives,Mali,Malta,Mauritania,Mauritius,Mexico,Moldova,Mongolia,Morocco,Mozambique,Myanmar,Namibia,Nepal,Netherlands,New Zealand,Nicaragua,Niger,Nigeria,North Macedonia,Norway,Oman,Pakistan,Panama,Papua New Guinea,Paraguay,Peru,Philippines,Poland,Portugal,Qatar,Romania,Russian Federation,Rwanda,Samoa,Sao Tome and Principe,Saudi Arabia,Senegal,Serbia,Sierra Leone,Singapore,Slovak Republic,Slovenia,South Africa,Spain,Sri Lanka,St. Lucia,St. Vincent and the Grenadines,Sudan,Suriname,Sweden,Switzerland,Tajikistan,Tanzania,Thailand,Timor-Leste,Togo,Trinidad and Tobago,Tunisia,Turkey,Uganda,Ukraine,United Kingdom,United States,Uruguay,Uzbekistan,"Venezuela, RB",Vietnam,"Yemen, Rep.",Zambia,Zimbabwe
"Access to electricity, rural (% of rural population)",64.57335394,99.76456493,3.815070299,98.1367605,100.0,100.0,100.0,100.0,100.0,100.0,62.35690504,100.0,100.0,87.55832538,15.61817438,92.78176987,74.33850134,100.0,25.70219167,98.23240924,100.0,1.934356396,81.42620089,60.60908573,20.48955607,100.0,100.0,100.0,91.7902476,24.0686042,97.68201702,39.22569091,100.0,100.0,100.0,100.0,22.13929012,93.91660825,97.0184028,99.44955868,89.41914383,100.0,59.78346879,15.49694664,91.20191028,100.0,100.0,44.39267423,28.80765463,99.98094085,100.0,60.35755698,100.0,85.83794068,8.844914377,7.432302791,85.89251673,79.0115274,100.0,100.0,83.36793211,94.91776422,97.89846362,100.0,100.0,100.0,91.13657963,100.0,98.1714194,100.0,29.00258597,100.0,100.0,99.69355789,85.69092753,100.0,100.0,19.92038295,5.224251725,100.0,100.0,3.412202317,100.0,99.74483606,7.278037859,100.0,0.371407384,100.0,97.85177407,100.0,66.50469714,99.7258364,0.926828089,47.60191631,31.28549821,82.74050402,100.0,100.0,62.87525613,8.142163849,25.90397246,100.0,100.0,100.0,55.36900337,87.03669513,39.44196138,98.58271444,76.69268862,83.19498028,100.0,100.0,100.0,100.0,100.0,12.53564402,99.68746977,49.94801755,100.0,38.13573009,100.0,1.881933731,100.0,100.0,100.0,75.36353142,100.0,93.07926149,97.72668517,100.0,34.4172124,88.6098388,100.0,100.0,97.8174807,11.7593957,99.50881734,55.48149024,19.01219124,100.0,99.9,100.0,9.046522868,100.0,100.0,100.0,100.0,100.0,100.0,99.69692662,57.41150891,4.697571589,10.94931298
"Access to electricity, urban (% of urban population)",100.0,100.0,73.67466736,100.0,100.0,100.0,100.0,100.0,100.0,100.0,97.08498383,100.0,100.0,98.25957489,67.36009216,100.0,99.82462311,100.0,81.11695099,100.0,100.0,61.66929626,91.858284,100.0,93.32572937,100.0,100.0,100.0,100.0,92.41274261,100.0,100.0,100.0,100.0,99.95353699,100.0,70.84239197,100.0,100.0,100.0,98.95637512,100.0,96.73780823,92.02026367,99.85467529,100.0,100.0,96.66636658,76.0,100.0,100.0,94.18721771,100.0,95.72872925,87.0,53.05611801,96.92275238,100.0,100.0,100.0,99.70723724,99.88,99.9,100.0,100.0,100.0,100.0,100.0,100.0,100.0,83.97079468,100.0,100.0,100.0,99.48561096,100.0,100.0,70.7,43.61195374,100.0,100.0,55.16200256,100.0,100.0,85.6,100.0,82.41458893,88.46392822,100.0,100.0,99.7,100.0,72.2,92.24079132,72.20340729,95.75,100.0,100.0,99.93318939,47.63,81.7,100.0,100.0,100.0,100.0,99.93820953,82.09201813,100.0,99.0,97.50857544,100.0,100.0,100.0,100.0,99.72133636,89.06227112,100.0,76.7,100.0,92.40834808,100.0,53.2,100.0,100.0,100.0,92.0568924,100.0,100.0,97.53007507,97.89046478,83.79334259,99.0,100.0,100.0,99.2,68.34577942,100.0,100.0,91.87447357,100.0,99.9,100.0,57.5,100.0,100.0,100.0,100.0,100.0,100.0,100.0,85.0,77.2454834,85.33301544
"Agriculture, forestry, and fishing, value added (% of GDP)",22.81066274,9.851693006,6.50749254,6.052918437,18.43476288,2.278906495,1.254721216,5.36626448,0.920219262,0.274789045,15.493278,6.809122268,0.681174913,13.71177979,25.27540464,14.09121578,9.966979415,6.841390006,2.298528876,4.506904938,0.684659216,38.3671082,8.279068071,31.59506243,13.89889921,1.894231512,3.381868051,8.942898986,5.392714954,4.362166032,5.043542201,20.97862591,3.50322606,2.041470818,2.403634049,1.302127587,1.194871772,5.304865946,8.769342903,11.2743496,5.613304006,3.068217624,10.11543454,41.23950553,10.11352173,2.367353331,1.458632177,3.329080651,26.22212251,8.61641445,0.942643214,20.45249595,3.207292913,10.35622137,17.54527212,44.13561101,16.58429112,12.19112794,3.925048416,5.84174518,17.14842354,13.35669916,4.768217341,1.088212973,1.263266861,2.144589807,5.971155095,1.104187087,4.14581788,4.50354557,26.44333406,2.099047114,0.355117519,14.63787255,17.93049843,3.10787877,3.953061054,4.950678908,37.2278448,3.550449187,0.27688434,28.67364219,9.113363845,5.413434052,36.75281628,1.193485729,16.28260111,3.375429985,3.138783695,11.55036174,13.41406247,13.38956681,23.50395072,29.53372536,7.53002587,31.53460361,1.790864893,7.035953231,16.49136375,32.60096595,20.75862283,10.02747609,1.31530621,1.303915808,23.83211646,2.944517544,19.26001935,13.11109624,6.668310165,12.4734251,2.873929851,2.095482699,0.096078212,5.377715712,2.993600488,24.82671246,9.712510781,12.33342498,2.157306454,13.69093736,7.414216553,47.98330898,0.034427182,2.732007578,1.971225769,2.097756311,2.622340613,7.666516518,2.627912422,6.480387827,27.12642887,8.485954891,1.466540019,0.692951418,21.32088785,26.79086792,11.32221534,21.3296777,37.51484194,0.723133381,8.890252195,6.725324577,25.77605217,8.78638928,0.672181107,1.333513679,7.616200626,29.4965853,4.902550073,17.96358637,7.867396368,8.226534986,7.144479446
"Birth rate, crude (per 1,000 people)",35.706,25.538,43.182,17.698,14.979,13.2,9.6,17.9,14.34,15.426,19.501,12.5,11.2,22.067,37.831,17.965,23.233,8.818,26.87,14.624,16.765,41.44,21.132,24.048,37.497,10.8,13.7,12.37,15.725,35.094,14.989,36.63,9.3,11.143,10.4,10.1,23.402,20.547,20.645,28.475,18.881,10.3,28.021,34.059,22.108,10.5,12.4,33.132,40.029,14.165,8.8,31.125,8.5,25.992,38.0,37.346,20.793,22.792,9.5,13.4,18.984,19.537,31.791,14.4,21.5,8.3,16.814,8.0,25.214,23.1,31.522,8.6,16.807,27.7,25.091,10.9,17.617,28.068,34.789,10.4,10.9,36.629,17.071,17.2,43.843,9.6,35.381,10.6,18.892,10.759,26.053,20.684,38.993,18.264,30.192,21.18,10.4,12.68,22.231,47.988,39.828,11.215,11.5,21.005,29.318,20.155,28.344,21.413,18.827,22.935,9.9,7.9,10.208,10.0,13.3,32.863,25.874,33.508,19.969,36.867,9.3,35.677,9.8,10.2,10.3,22.113,9.2,16.849,12.502,15.011,33.728,19.537,11.9,10.4,32.241,38.302,10.999,29.285,35.032,14.325,18.874,16.94,41.564,10.8,12.0,12.5,14.192,23.3,19.394,17.315,32.735,38.645,34.978
CO2 emissions (metric tons per capita),0.253727945,3.735802777,1.664740736,4.588229602,1.898719374,15.39110908,6.892179661,3.920792371,6.341979802,23.47736317,0.477335997,6.628420401,8.347134375,1.400941234,0.522592065,1.443226953,1.898829283,5.578265037,3.283177265,2.631289885,22.09494374,0.039112493,0.948113817,0.437653585,0.299738143,15.25547233,4.454138162,7.543907641,1.845475959,0.666519808,1.635675761,0.489631014,3.988513088,5.260461605,9.231128627,5.873333894,0.681419523,2.178516992,2.893262958,2.519807397,0.998428944,13.82505125,0.823803379,0.126763767,1.900256563,8.647964154,4.573459729,2.826459284,0.253640982,2.41448868,8.895302257,0.560735246,6.19952668,0.911580226,0.213752571,0.160335469,2.632392779,1.061742673,4.190127409,6.059657407,1.723311783,1.450032294,4.842168931,7.300555849,7.653847633,5.270866786,2.536806259,9.480766374,2.978804489,14.36783614,0.309143145,11.57034541,23.94268372,1.76327684,0.685930929,3.474283046,3.843598231,1.18977047,0.280944282,4.378090123,17.36871291,0.064607656,8.125176355,3.026224383,0.176050093,5.400613957,0.746292957,3.338569663,4.000652984,1.725073242,10.07889064,1.751330788,0.320857023,0.312686183,1.645240892,0.298463303,10.01385146,7.684949553,0.761728045,0.106730938,0.737682613,3.628569985,9.328763622,15.20154274,0.933991503,2.847076691,0.739239066,0.864029477,1.705884134,1.039832564,7.522360976,4.293477531,43.52329337,3.490367336,12.07751769,0.07642592,1.087388995,0.580793656,19.44066648,0.661495375,5.238295195,0.186560088,10.35594282,5.661581328,6.053631946,8.882321727,5.033824487,0.862657426,2.282928389,2.021109488,0.299732598,4.056232637,4.484611458,4.357240126,0.559858657,0.231426985,4.105519506,0.437168056,0.362693064,33.96103108,2.605932406,4.478823888,0.129345873,5.046562571,6.497340931,16.41657591,1.984240835,3.420722746,6.161191593,1.824531973,0.955250966,0.292412222,0.891738608
Current health expenditure (% of GDP),8.561906964,5.267480761,2.645608038,8.396562934,9.375878423,8.54151994,10.02613306,4.508152604,6.048838049,3.576913103,2.565937489,4.874385521,10.13665572,5.634397268,4.221983254,3.269957751,5.492545664,9.178560227,5.776903033,7.788301259,1.864097267,10.06997749,4.305274412,7.503531873,3.398841619,10.35250351,6.771788746,4.325513169,6.790699065,1.85153503,8.218052238,6.077907607,7.785690576,6.591454893,6.976892054,10.15290841,4.738293961,5.665098876,7.865218073,4.357069358,8.144399524,5.822662264,8.469972759,4.468977824,3.404846415,8.957631886,11.20309308,2.557716519,4.014417157,8.388103545,10.7205376,4.674267769,9.098247439,5.936356634,3.789550811,6.028466299,5.167162418,8.793432266,7.542963326,8.251312375,3.246342018,2.955420315,2.791318111,10.68889946,6.971810758,8.834642917,4.931637645,10.61671749,8.299319446,2.686830983,5.81170097,6.294254214,2.618084289,7.107291371,1.944575086,5.57204932,8.14711377,8.796618134,9.227525443,6.496496499,6.111482903,7.493751496,3.388656303,7.922516018,3.945498168,8.562771976,3.239161521,4.307828844,5.701141432,9.096703678,3.586121649,5.732993409,4.483826458,1.784107089,9.822425991,5.078438297,10.23357883,9.510231018,7.42443651,6.648624688,3.320779279,6.518873572,8.779023588,2.547766082,2.344426326,6.617531925,2.293978073,5.053712428,4.624898732,4.206093773,6.233820692,9.531158954,1.599962078,4.699015617,4.797973856,8.364737034,5.42492196,6.755898148,3.71177718,4.193470627,9.113793075,13.28134388,3.189135343,7.418328524,8.573946357,7.497315109,9.078246355,3.716934845,5.612134561,4.4651106,5.615795776,4.721440002,10.66594943,10.76850593,5.859718099,5.128773674,3.568261117,1.259021834,5.995885655,4.721979052,6.43202886,4.687921703,8.924943209,6.81617707,8.37611109,16.37629271,8.635289967,5.675463378,7.177112997,5.87397553,4.769530892,3.460532427,7.694132626
"Death rate, crude (per 1,000 people)",7.141,4.709,9.454,7.651,9.796,6.6,9.2,5.8,6.661,2.337,5.565,12.8,9.3,4.603,9.481,6.27,6.966,10.194,6.634,6.195,4.081,8.767,5.866,6.159,10.347,7.3,5.848,7.16,5.373,7.406,4.791,11.076,12.0,6.799,10.0,9.1,8.157,6.068,5.096,6.027,6.935,11.8,12.153,7.218,8.174,9.6,8.4,7.749,8.46,13.121,10.7,7.798,10.4,4.876,9.67,10.499,7.162,4.431,12.8,6.3,7.212,6.437,5.057,6.3,5.2,9.8,7.497,10.1,3.806,7.65,6.161,5.3,2.403,6.1,6.803,14.3,4.048,16.433,8.485,13.7,6.9,7.864,4.818,3.157,11.001,7.5,7.751,7.7,5.67,11.386,6.296,5.142,10.628,8.377,9.009,6.555,8.3,6.88,5.029,9.511,12.994,9.73,7.9,2.592,7.176,4.985,7.882,5.412,5.324,5.78,9.9,10.1,1.127,12.8,13.1,5.801,5.554,5.232,3.407,6.319,14.2,13.025,4.7,9.5,9.2,10.044,8.5,6.282,7.028,8.678,7.53,7.114,9.2,7.8,5.322,7.503,7.327,6.225,9.02,7.993,6.301,5.436,7.716,14.7,8.8,8.237,9.423,4.9,6.197,6.06,5.974,7.565,9.277
Diabetes prevalence (% of population ages 20 to 79),9.2,6.7,4.5,5.9,6.1,5.6,6.6,6.1,8.8,15.6,9.2,5.0,4.6,17.1,1.0,10.3,6.8,9.0,5.8,10.4,13.3,5.1,2.4,6.4,6.0,7.6,8.6,9.2,7.4,6.0,9.1,2.4,5.4,9.0,7.0,8.3,5.1,8.6,5.5,17.2,8.8,4.2,4.5,4.3,14.7,5.6,4.8,6.0,1.9,5.8,10.4,2.5,4.7,10.0,2.4,2.4,11.6,7.3,6.9,5.8,10.4,6.3,8.8,3.2,9.7,5.0,11.3,5.6,12.7,6.1,3.1,6.9,12.2,6.1,6.4,5.0,11.2,4.5,2.4,3.8,5.0,4.5,16.7,9.2,2.4,8.3,7.1,22.0,13.5,5.7,4.7,7.0,3.3,3.9,4.5,7.2,5.4,6.2,11.4,2.4,3.1,9.3,5.3,10.1,19.9,7.7,17.9,9.6,6.6,7.1,6.1,9.8,15.6,6.9,6.1,5.1,9.2,2.4,15.8,2.4,9.0,2.4,5.5,6.5,5.9,12.7,6.9,10.7,11.6,11.6,22.1,12.5,4.8,5.7,6.1,5.7,7.0,6.7,2.4,11.0,8.5,11.1,2.5,6.1,3.9,10.8,7.3,6.5,7.0,6.0,5.4,4.5,1.8
Employment in agriculture (% of total employment) (modeled ILO estimate),42.8390007,9.855999947,50.38000107,0.092,29.63800049,2.559999943,3.58100009,35.86999893,2.138000011,0.986000001,38.57699966,11.01799965,0.961000025,16.84600067,38.57799911,55.31499863,30.70899963,15.38300037,20.68700027,9.220999718,1.363000035,92.02300262,11.46000004,32.29700089,43.43700027,1.452000022,9.001999855,25.36300087,16.61300087,34.13000107,12.10900021,40.04899979,5.962999821,2.071000099,2.717999935,2.186000109,33.12200165,9.020999908,29.20199966,23.79199982,16.28100014,3.184000015,12.45800018,66.1289978,36.25999832,3.605999947,2.443000078,32.83100128,27.12100029,41.81800079,1.210000038,29.26499939,11.98200035,31.48999977,61.74200058,68.13800049,17.13699913,30.26000023,4.699999809,3.937999964,42.38499832,28.63500023,18.09900093,4.618999958,0.924000025,3.684000015,15.93000031,3.423000097,3.084000111,15.80200005,54.43999863,4.879000187,2.010999918,21.17200089,62.42200089,6.75,13.60900021,8.536000252,43.27299881,6.873000145,1.006999969,43.64899826,10.36100006,8.470000267,62.5909996,0.989000022,51.27399826,6.072000027,12.60900021,35.93099976,27.42399979,34.68999863,70.33499908,48.88899994,22.13299942,65.0039978,2.035000086,5.663000107,30.65200043,75.06300354,35.09799957,15.37699986,2.055000067,4.559999943,36.6609993,13.95199966,58.31600189,20.12999916,27.38599968,23.40500069,9.234999657,5.850999832,1.194000006,21.70599937,5.756999969,62.40599823,30.3939991,19.09499931,2.403000116,30.04599953,15.45899963,54.93099976,0.726000011,2.184000015,5.225999832,5.087999821,4.09100008,24.5170002,17.27400017,10.72700024,39.93899918,7.518000126,1.648000002,2.948999882,44.92100143,65.30599976,31.61499977,44.48199844,37.69900131,2.974999905,13.03100014,18.37599945,72.66600037,14.47799969,1.034000039,1.340000033,8.119000435,23.92399979,8.305999756,37.35800171,28.97599983,48.8390007,66.54399872
Employment in industry (% of total employment) (modeled ILO estimate),18.16200066,30.73399925,8.121999741,21.4109993,17.17499924,19.80599976,25.25699997,14.85700035,14.21700001,35.21699905,21.25900078,30.45100021,20.84399986,15.69999981,18.99300003,10.76799965,19.4090004,32.26399994,18.11599922,19.78300095,15.88099957,1.465000033,21.99200058,29.00099945,14.95100021,19.47500038,22.15299988,28.20100021,19.99200058,21.85700035,19.75600052,13.16800022,27.49099922,16.4279995,37.2879982,18.46800041,13.06999969,19.86100006,18.32099915,27.68000031,22.13199997,29.5359993,23.79199982,10.19200039,13.32600021,22.18799973,20.08600044,10.75399971,15.68400002,13.8760004,27.04299927,21.77599907,15.21399975,18.54500008,6.157000065,7.002999783,22.8220005,19.97299957,32.69499969,16.43300056,25.57699966,22.45400047,22.32099915,18.70199966,16.99200058,25.87199974,16.16900063,24.2689991,24.51499939,20.45599937,7.31099987,25.12800026,24.38400078,24.06900024,11.89299965,23.73200035,22.45800018,42.22299957,10.21700001,25.91600037,11.69799995,13.80500031,26.99699974,18.38400078,7.578999996,18.30999947,12.94099998,25.2859993,26.1439991,16.84900093,19.36499977,21.71199989,8.449999809,16.14699936,16.27300072,15.13700008,15.99800014,19.57999992,15.93299961,7.193999767,12.2329998,31.40200043,19.27499962,32.7519989,25.32600021,18.74699974,6.635000229,18.1590004,15.34500027,19.43799973,31.93899918,24.73699951,54.43000031,30.09499931,26.67499924,8.892000198,23.06399918,18.43300056,24.6779995,13.50399971,27.1420002,6.456999779,15.47200012,36.25099945,33.45000076,22.90600014,20.28300095,29.65600014,18.24699974,19.93400002,16.21899986,23.46899986,17.90800095,20.20599937,15.71500015,6.750999928,22.63400078,9.666000366,12.88199997,26.72599983,32.54999924,26.30800056,6.603000164,24.56800079,17.87999916,19.80699921,18.91399956,29.47999954,16.62599945,27.6420002,10.04800034,10.83399963,6.583000183
"Employment to population ratio, ages 15-24, total (%) (modeled ILO estimate)",33.22499847,17.89500046,47.49200058,28.78199959,22.46100044,59.0379982,51.47299957,36.61700058,41.05899811,39.04299927,36.93899918,40.39199829,24.70499992,42.02099991,40.29499817,28.02300072,46.26900101,20.10099983,27.84000015,40.48099899,26.44000053,51.92599869,25.00099945,70.96499634,51.86800003,56.43999863,27.43899918,40.47999954,42.65100098,33.41600037,31.53499985,32.80799866,28.06399918,33.3769989,27.59499931,56.61800003,31.6760006,38.23400116,41.10900116,19.98500061,39.43199921,40.54499817,13.49300003,68.66400146,32.78300095,44.32600021,31.12400055,11.61600018,35.97399902,26.99300003,47.50999832,37.47200012,15.62699986,50.61800003,39.93799973,50.12200165,39.29199982,51.97999954,28.12199974,73.72899628,20.99399948,39.32300186,20.39800072,40.5379982,44.3769989,18.25799942,26.5909996,45.58300018,14.85700035,37.40200043,40.44300079,27.02899933,21.97500038,33.70899963,58.68999863,32.10300064,24.45100021,28.64999962,54.76300049,32.05199814,28.12100029,57.28499985,36.51300049,49.15599823,51.20000076,49.39500046,21.14699936,31.02000046,41.24200058,17.75200081,23.54800034,20.52400017,57.77999878,48.63899994,17.87599945,74.37400055,64.2990036,56.44900131,43.87200165,61.04600143,25.28800011,18.89299965,49.16400146,35.97299957,37.9659996,40.06600189,33.9469986,52.18999863,56.47700119,34.87200165,31.02700043,28.14800072,63.32699966,25.09799957,26.78000069,62.72399902,25.77599907,27.61499977,13.47599983,25.79800034,19.99699974,25.61499977,38.34999847,26.57999992,34.49900055,11.06799984,22.35099983,23.61599922,28.23900032,29.16300011,18.51399994,21.92700005,44.63000107,63.00699997,21.39900017,68.67900085,39.79999924,36.29999924,59.87200165,36.79399872,20.63299942,34.00600052,50.50500107,26.22299957,50.14199829,47.08499908,35.6609993,40.75699997,27.52700043,52.80099869,19.98600006,42.31499863,68.19300079
GDP growth (annual %),2.724543365,3.800000001,4.822625551,-2.512615321,3.6,2.533115447,0.661272849,2.797585434,0.736540805,4.350390853,6.061059359,1.726384854,1.57852323,3.635359987,6.357679098,5.77649568,5.460567154,1.148032021,4.149289893,0.50395574,-2.508352562,4.240651644,0.611212666,7.142571101,5.884059327,2.870036039,1.766739784,7.424523656,4.499030001,6.779916158,3.515338564,8.79407739,-0.103928497,-1.863716857,2.715116133,1.619393817,7.061543242,7.05046369,3.788868549,2.915911879,1.711223206,2.987325819,0.913196495,10.25749296,5.603514406,-0.364940281,0.956183048,4.314964441,-1.407382495,4.431924823,2.225688749,2.897438837,0.739777139,4.443978074,3.696541182,0.964560751,3.898243206,3.058080562,4.195082409,2.08262316,7.410227605,5.006668426,0.7,8.556687985,3.75820019,-0.004547542,0.691478109,0.374719476,3.096330347,4.200000001,5.357125644,3.202453795,0.500876982,4.024038629,7.611963441,1.915190378,2.461361188,2.883968844,0.701143912,3.507971217,4.29678635,5.700000004,6.006721946,7.329626203,7.101422348,8.790634242,4.274823271,3.744575773,2.804340128,4.999625584,7.885225482,2.669493927,7.398512797,7.990915597,5.757788847,5.988984661,1.42339541,3.625595767,4.78581617,6.564426227,6.309718656,3.629123513,1.969544301,2.75220026,4.674707981,5.066743218,13.54377062,4.860890371,2.382157372,6.347987483,3.318447537,0.792190538,3.978882147,3.4108091,0.736267221,6.164277203,0.078245335,6.549934955,3.652481698,6.613500103,-1.589506184,4.556772366,3.938002729,2.752434331,2.76815802,1.846991604,1.383907943,4.960700592,1.758665901,1.21403892,2.679425668,0.255503145,2.657798275,2.449218087,6.705968168,6.732461868,0.98442511,4.45067845,5.920588571,-0.912544969,2.971398345,5.166690703,5.106307324,-6.552631294,2.607475906,2.451973035,3.238791216,7.17939955,-3.894386475,5.983654637,-0.188591449,4.69772915,2.376929327
GDP per capita growth (annual %),-0.665270518,1.710449517,1.219832787,-3.57858051,3.07285853,1.015114993,-0.122370667,1.522431572,-0.205232091,2.706652046,4.856108324,1.63497133,1.128585855,1.391470821,3.439399576,4.479326699,3.843757228,2.905462898,2.848903521,-0.352479218,-3.780740982,1.021529748,-0.654704681,5.401782611,3.061836081,1.841026088,0.692556387,6.881995441,3.449034009,4.205349659,2.365020868,6.10311564,0.303821249,-0.777603675,2.607037045,1.105433472,5.226585759,5.818809907,2.198941227,0.61685323,1.241729222,3.257770915,0.159172806,7.213187282,5.500525589,-0.776140375,0.479080613,0.61986238,-4.34615116,4.382901471,1.800420038,0.566072146,1.4130581,2.653912392,1.295762762,-1.671171599,3.340901769,1.250591786,4.476140223,0.953242975,6.186731983,3.63914313,-2.97222802,7.766030481,1.785509991,-0.91781388,0.116180484,0.507999337,-1.522510132,2.676714897,2.694788349,2.556219509,-3.980074304,1.957996974,6.016330555,2.879503461,-3.228929666,2.13287006,-1.866818935,4.401798234,1.867277284,2.778269574,4.595193579,2.537708683,4.038085712,6.639896391,1.266610002,3.556904271,1.499188933,5.063648177,5.745360276,1.229493548,4.434559392,7.10610606,3.900748634,6.032235943,1.059101269,2.072257347,3.41637678,2.488525266,3.513963445,3.543936934,0.826056236,-3.944121487,2.507376248,3.292575557,11.28121975,3.442783303,1.305704682,4.611106406,3.395806446,1.337120205,-1.205859563,3.798887022,-1.045257463,3.558051852,-0.704799603,4.56839044,0.754234773,3.66278105,-1.126393172,2.274599807,2.59715384,2.652766168,2.667133249,0.247278816,1.687449704,3.985755206,1.311785234,0.99182752,0.232311396,-0.828461589,1.644244006,1.206825758,4.209724631,3.581372758,0.550276983,2.579634876,3.200959831,-1.541105041,1.945239942,3.39192849,1.641212971,-1.144921089,1.854584596,1.709321538,2.904977794,5.386554147,-4.731050162,4.872999042,-2.802880003,1.480268739,0.596198049
"Immunization, DPT (% of children ages 12-23 months)",66.0,91.0,59.0,86.0,92.0,95.0,85.0,95.0,90.0,99.0,98.0,97.0,98.0,96.0,76.0,97.0,83.0,73.0,95.0,83.0,99.0,90.0,98.0,92.0,79.0,91.0,95.0,99.0,92.0,75.0,94.0,82.0,93.0,99.0,96.0,97.0,84.0,94.0,85.0,95.0,81.0,92.0,90.0,72.0,99.0,91.0,96.0,70.0,93.0,93.0,93.0,97.0,99.0,86.0,45.0,88.0,95.0,90.0,99.0,91.0,89.0,79.0,84.0,94.0,98.0,95.0,97.0,99.0,96.0,98.0,92.0,98.0,99.0,94.0,68.0,96.0,83.0,93.0,84.0,92.0,99.0,92.0,99.0,99.0,71.0,97.0,81.0,97.0,88.0,93.0,99.0,99.0,80.0,91.0,89.0,91.0,93.0,93.0,98.0,79.0,57.0,91.0,96.0,99.0,75.0,88.0,61.0,88.0,84.0,65.0,95.0,99.0,98.0,86.0,97.0,97.0,34.0,95.0,96.0,81.0,96.0,90.0,96.0,96.0,93.0,74.0,93.0,99.0,95.0,97.0,93.0,95.0,97.0,96.0,96.0,98.0,97.0,83.0,88.0,99.0,97.0,98.0,93.0,50.0,94.0,94.0,91.0,98.0,60.0,75.0,65.0,90.0,89.0
Individuals using the Internet (% of population),13.5,47.69105515,14.33907936,74.29490687,64.74488433,86.54504885,87.93558659,79.0,85.0,95.87813575,15.0,74.43644541,87.67968082,47.0826258,20.0,48.10641588,43.83227607,64.89197728,47.0,67.47128452,94.86669164,2.660748535,57.16214635,32.44694856,23.20297197,91.0,82.32748693,54.3,62.25988032,8.65,71.3907709,43.83992085,67.09619204,80.74318897,78.71916143,97.09936216,55.68140925,67.57123468,57.27224368,44.95020425,33.8207289,88.10245687,47.0,18.61805145,49.96637301,87.46892907,80.50245972,62.0,19.83645444,59.7055046,84.39550077,39.0,70.54943345,65.0,18.0,3.930509152,37.32583679,31.7,76.75054712,98.26,34.45,32.2924419,49.35999889,84.11400706,81.58118359,63.077347,55.07206705,84.58806583,66.79031443,76.42674823,17.82710021,95.06942188,100.0,38.0,25.51043508,80.114077,78.18077489,29.0,7.984479722,77.61525651,97.36296032,13.78216439,80.14047901,63.18566588,13.0,81.01191108,20.80096366,55.4032403,63.85224909,76.12451989,23.71426517,61.76221201,10.0,30.67818311,51.0,34.0,93.19727891,90.81109307,27.86304001,10.22431156,42.0,74.51682418,96.3576013,80.18563573,15.51,57.86509007,11.20919659,61.07575622,48.72763146,60.05476033,75.98536595,73.79121395,97.38884917,63.74728218,76.00813853,21.76763262,33.61093932,29.9312292,82.12000121,46.0,70.33083553,9.0,84.44953878,81.62566752,78.88542636,56.16739447,84.6022428,34.1133479,50.81524478,22.00427798,30.87029573,48.94517397,95.51006745,89.68614767,21.96,25.0,52.89192934,27.49273173,12.36022497,77.32605293,64.19081023,64.68461768,23.70653091,58.88947945,94.62,87.26611282,68.27966256,52.30510079,72.0,58.14,26.71835477,27.8525791,27.05548769
"Industry (including construction), value added (% of GDP)",21.22966322,42.3124474,46.20332557,24.27739449,25.27053295,25.51481674,25.3646396,53.58685467,13.68055492,46.51977333,26.31104678,35.37919865,19.67482648,16.25164782,16.41157749,41.6525963,27.62549952,22.06477937,33.07617951,20.47246275,67.85206522,15.49821159,18.72760011,25.60686085,27.13978175,27.13794246,31.03520438,43.08556535,30.98585272,69.41702863,20.17244203,27.41005199,21.59876623,9.886893392,34.24585672,19.78499589,11.64420336,29.76905868,36.77882376,39.89033333,26.01361101,24.61089635,35.6155188,13.47132451,15.01276575,23.09748329,17.74593967,52.72224165,13.21483428,18.69843208,27.01099599,34.59205894,14.14760606,23.19271636,29.69416739,14.4150495,29.65729907,24.5107788,25.71149911,20.63358063,27.6564012,41.92834213,56.539,24.76126343,20.36079461,20.79842911,18.3567851,27.68806093,28.3467177,33.20942583,17.44177205,34.09167237,70.54892632,23.88822892,28.81500054,19.63600408,16.20695963,31.40502299,15.70938931,27.43000403,10.51696127,14.64902464,39.92442448,8.413910755,18.3843498,13.61474474,28.43737066,19.8325775,31.49522724,22.34750513,31.49762327,26.49063732,17.3251203,34.4897148,26.58404727,13.83145187,18.41235333,21.44485091,25.098572,22.39558428,24.64360859,22.82257866,34.03171917,64.1231928,20.0251621,26.63461635,32.78483327,33.69268466,31.70140393,31.04744448,29.43031684,18.93678015,69.75799898,31.60826043,27.93152706,17.72569149,18.54814461,16.6094534,57.17583177,23.15260328,25.23709615,15.6140677,24.16952188,30.7997172,28.13684418,26.5451353,20.08064657,28.29799887,10.32061512,14.75852873,16.92541622,30.09136117,21.78612128,25.16446794,22.60474151,25.14150348,36.7630487,16.97154802,16.17369794,47.60795219,26.88294376,28.19517028,25.27087152,22.81899157,18.35948493,19.29659363,24.70064115,23.27632766,37.24468889,33.21439382,44.03810756,32.94424657,23.71854762
"Labor force participation rate for ages 15-24, female (%) (modeled ILO estimate)",20.40399933,8.416000366,58.36899948,31.44000053,30.83399963,66.9280014,53.29999924,42.5,41.67399979,27.24600029,26.3220005,43.27899933,27.36800003,36.36600113,45.61500168,32.43199921,43.66699982,24.22299957,41.35100174,49.33300018,34.6609993,57.87200165,30.66699982,67.95700073,51.47399902,63.31900024,30.43300056,43.31499863,44.12099838,43.08399963,35.95899963,30.49699974,29.32500076,41.66600037,25.32600021,63.7159996,40.31399918,32.74700165,34.27399826,18.91399956,30.85499954,44.11299896,24.38699913,67.38400269,25.67000008,54.4129982,34.79100037,15.34399986,36.96500015,26.70599937,47.99200058,38.57600021,22.40200043,31.04899979,48.3390007,50.45700073,39.86199951,40.77199936,26.73500061,81.02799988,9.87100029,37.86500168,4.998000145,44.98699951,48.0019989,21.70000076,30.77400017,48.14300156,8.484999657,35.15200043,41.88700104,34.10300064,17.27799988,26.63400078,62.37099838,33.59799957,17.49099922,36.45700073,53.76900101,34.23500061,31.97900009,60.625,33.68700027,40.60699844,56.38199997,54.49300003,16.30599976,35.87799835,31.22699928,19.3920002,22.98800087,13.14500046,62.05899811,42.8030014,26.69199944,78.08999634,69.6740036,62.76399994,29.35099983,50.45700073,25.72800064,21.87199974,54.37200165,14.10900021,18.61000061,32.60300064,36.24399948,46.50999832,58.3370018,28.49799919,30.68099976,32.32400131,35.44599915,24.13100052,28.58399963,63.73300171,24.86499977,21.66600037,8.243000031,22.55599976,22.16699982,33.20100021,40.67300034,24.04800034,34.18399811,22.38599968,31.08200073,20.08099937,40.48600006,34.76800156,18.50799942,18.1420002,55.43899918,67.87799835,21.59600067,69.10600281,33.71099854,38.45600128,62.52600098,31.53899956,20.68300056,31.45400047,49.92200089,28.17300034,55.13100052,50.95600128,42.81000137,34.86600113,22.97400093,53.11000061,4.377999783,53.25099945,68.52899933
"Labor force participation rate for ages 15-24, male (%) (modeled ILO estimate)",59.00699997,41.67900085,54.64599991,45.45999908,38.40299988,67.33599854,58.86999893,43.17399979,65.74099731,51.23899841,56.92599869,46.11299896,31.13100052,62.63999939,38.75600052,30.28899956,55.52899933,41.9620018,47.46900177,61.97600174,40.66199875,48.83499908,38.69800186,75.46900177,58.64199829,63.18099976,37.18299866,46.75400162,60.93000031,41.9129982,54.4129982,38.69100189,38.72399902,37.64599991,33.43299866,61.88999939,39.77099991,55.25099945,55.64500046,38.5530014,56.52899933,48.50999832,26.05400085,74.46099854,50.72299957,51.56999969,42.08300018,20.89100075,45.25600052,49.69800186,52.2840004,43.80599976,25.68499947,74.81400299,36.14400101,53.88600159,59.45700073,74.4940033,36.27000046,78.94000244,42.95800018,56.42499924,48.47299957,48.21900177,47.70500183,29.66799927,37.39500046,46.5379982,36.99900055,42.50099945,45.30199814,26.95000076,33.32300186,51.60599899,57.10100174,39.43299866,41.98300171,49.8730011,58.28900146,38.79499817,34.03499985,63.27000046,48.17399979,68.5530014,63.64300156,53.20700073,33.08800125,45.4980011,57.27099991,21.13699913,33.20800018,38.98799896,62.02399826,58.57400131,32.48199844,74.04199982,67.6989975,64.37999725,70.21399689,72.02799988,32.93299866,39.70100021,54.08599854,61.61399841,63.0870018,56.1269989,34.88199997,70.77799988,65.19400024,45.34700012,39.37400055,36.67399979,73.36100006,34.87099838,35.12599945,63.90200043,37.48099899,47.69800186,28.68799973,33.61899948,34.59199905,23.1060009,43.63600159,39.01800156,41.49100113,27.85700035,35.42699814,39.98300171,62.60400009,64.45899963,35.31800079,33.11399841,53.18799973,68.19599915,32.21500015,73.30799866,48.77399826,44.55699921,61.52500153,46.88899994,43.23799896,57.14300156,53.93199921,36.2140007,57.88899994,51.99200058,54.73799896,56.86000061,44.57300186,60.57899857,47.58800125,54.43500137,80.04699707
"Manufacturing, value added (% of GDP)",11.49986726,33.89856979,4.827342815,15.01105426,9.68257532,6.59796512,16.49572937,4.215736826,2.593086995,14.81727591,16.44201947,21.99575511,12.56263999,10.18001456,10.9217699,8.530724001,9.927811307,10.93711455,5.820719326,10.47963105,16.49819506,9.54574735,5.800265665,15.49057902,14.99418695,9.588492358,11.11553648,30.6710096,12.6623563,4.296322992,12.58123019,16.20297196,12.80279219,3.886970173,22.23005236,11.77968841,1.996686371,14.59166491,13.04285975,16.60837454,15.97728522,13.64646273,29.64116244,3.702189003,11.5664407,14.50462752,10.35434248,17.16241396,5.611202563,9.511735349,19.92519608,11.74503467,8.442050093,14.41642293,10.80078156,12.68043325,5.893515309,17.29425925,18.75232644,11.51389662,15.25302269,21.02868868,2.340110795,19.64350483,13.04655699,13.88001981,8.158406742,19.43625645,20.42474053,10.63497383,10.67655197,27.78585374,5.879887674,15.76808892,8.435402283,11.20019096,7.525200735,10.69399715,1.928891425,17.61661177,4.885515046,9.563997098,22.84074242,2.118382157,2.486147976,9.57615055,6.406984148,13.90639559,15.83182395,11.19385228,8.721663906,15.5131342,8.187376209,19.91591375,10.3559195,5.918073688,10.28808578,10.23895771,14.49453099,6.659662171,8.928929322,9.914104855,6.617719841,53.18922773,13.56811206,6.631359649,2.440516591,18.27662339,14.83140652,20.43449877,15.90293893,11.54560914,10.20502676,20.36669849,11.05730634,6.892559952,9.597001289,7.272282044,9.931378594,17.33702153,16.11881937,1.641227274,17.63840961,17.49427223,19.15985915,11.60092153,11.19265192,17.96362414,3.029153337,4.426219406,6.955875062,18.78570167,13.30496399,18.64832812,9.226041113,9.110895166,27.58869075,0.721290982,6.054568641,15.25416397,15.94283517,16.23927335,15.67818335,11.26503039,9.581737144,11.80679992,11.26622779,12.31863943,11.5143021,13.33518588,8.429180537,6.023743171,12.91905671
Merchandise trade (% of GDP),40.51279737,55.48929471,60.2214501,25.48641191,50.99266464,32.52690291,81.51632427,49.76855768,38.28356226,100.2764108,41.37074459,97.36995433,173.1681252,93.27640125,48.08601168,79.44037008,69.15647319,90.95639378,102.0752872,18.90302138,82.51092155,33.29904539,45.59388558,105.0015484,36.29089367,52.76415177,56.77288502,41.06201059,31.19449546,110.9301349,56.86094917,68.23130316,63.57069285,48.24863636,158.4354945,59.79286341,42.08279922,40.44661324,52.54293502,30.64808866,70.0024963,128.2538132,83.53110021,33.50342288,95.18293183,55.04536405,44.107184,67.81488519,39.93621261,65.03090573,69.5536183,51.83902838,41.32100319,50.27449178,50.55548601,36.06981975,96.11250228,97.02126085,153.3301513,58.72266374,38.52647864,39.79188691,63.11656871,78.56676555,45.22150756,46.50897245,52.46871884,30.97490531,86.19771898,54.53816932,39.88898147,74.01748395,81.8611841,102.1545441,52.25173776,104.1303538,55.32208167,121.3295132,77.63994911,137.4067486,69.21684253,68.58677178,130.9753974,62.04441044,46.53560185,86.06179271,69.48765637,67.9816984,61.50275072,80.51339048,90.06655004,63.77380426,74.32793793,42.64877119,106.3004751,42.38870774,141.6393346,41.87696045,101.6121194,33.60975455,28.39055437,107.9889576,46.97678144,98.69818823,29.5959801,74.83949801,55.12117095,54.13822547,40.7785547,43.97049805,81.33788855,61.94397732,78.57447733,73.87434717,39.07670946,38.56521918,57.99820958,53.59061171,68.25765359,47.00146645,75.3173371,62.21140221,251.9577853,165.833727,139.974046,61.26822365,49.90459885,38.70510848,44.89693836,56.20333566,20.88178216,78.13981728,56.16429716,82.76359758,57.87626022,33.2654263,111.7522741,60.31870399,84.15325311,93.34858946,87.30205601,44.70705382,25.76965862,81.14474296,39.32742756,23.01756273,36.02102748,33.16655794,24.43883541,160.0744102,45.90516214,71.45686092,41.37360873
Mobile cellular subscriptions (per 100 people),57.27106807,108.8089403,49.79322295,143.566834,118.4217138,107.6778349,155.2154711,111.1650782,83.15606912,183.6245336,84.07708629,121.2815762,113.1658212,58.72170181,88.1051181,92.83820321,93.49660939,100.4128758,163.8751723,126.0879559,111.6838231,49.18977601,116.527138,134.3338529,77.94823655,82.61933463,129.1440655,91.835388,120.636922,107.4114077,155.4435575,109.3922913,104.3182481,130.9823176,117.4805076,124.4441651,34.3930424,85.56234973,79.84070461,101.7022519,147.5723164,144.7205063,85.23211031,41.96106195,111.2042338,134.9395252,103.4564614,144.8670371,130.1943563,137.9343335,117.8176431,125.7069529,117.8887779,111.4995795,94.15602819,71.29240008,70.70307206,88.31847018,101.2544484,116.2534861,76.40759943,131.1804585,94.34036257,105.3646002,132.4812089,144.756385,108.5157458,125.4518632,148.9004082,149.7227182,78.77455056,115.9612246,199.832125,127.1905538,55.28959094,129.6507839,71.29772813,103.9397364,81.65948531,142.7088762,142.3577966,39.21521754,145.6973848,162.6215886,130.1634495,120.8972712,90.06949804,139.9254916,88.37175565,91.21617904,102.3251098,124.279337,74.45799316,77.81539875,110.1478506,101.854612,122.8506375,121.3557518,116.7261909,44.79127561,83.26830849,100.2046334,109.905197,155.7561043,63.13069982,144.6881141,43.90847057,110.8127891,112.3563679,115.3994392,143.3904315,112.9851121,145.7868972,116.0341126,156.7665611,77.04779924,62.27850325,92.7489069,166.4563349,102.6135684,103.1417597,78.87713099,147.2259695,122.8114558,113.6504025,158.8829468,109.4186042,114.308452,104.8094637,103.8690585,71.81590856,134.2157552,129.4305347,135.5130156,100.4136726,77.04656442,149.8111512,115.0770458,66.2993479,154.9537045,130.5540392,93.77284502,52.89740582,142.0030379,120.3319425,119.1439209,151.390984,70.42874879,96.71458807,129.8315152,56.69113113,72.78457238,92.34710538
"Mortality rate, infant (per 1,000 live births)",47.9,20.1,51.6,8.8,11.0,3.1,2.9,19.2,8.3,6.1,25.1,2.6,2.9,11.2,60.5,24.8,21.8,5.0,30.0,12.8,9.8,41.0,16.7,24.0,50.6,4.3,6.2,7.4,12.2,36.2,7.6,59.4,4.0,1.9,2.7,3.6,49.8,24.1,12.2,18.1,11.8,2.1,43.0,39.1,21.6,1.4,3.4,32.7,39.0,8.7,3.1,34.9,3.6,22.1,64.9,54.0,25.1,15.1,3.6,1.5,29.9,21.1,22.5,3.1,3.0,2.6,12.4,1.8,13.9,8.8,30.6,2.7,6.7,16.9,37.6,3.3,6.4,65.7,53.5,3.3,1.9,35.3,6.7,7.4,62.0,6.1,51.5,13.6,11.0,13.6,14.0,19.2,54.0,36.8,29.0,26.7,3.3,4.7,15.7,48.0,75.7,8.7,2.1,9.8,57.2,13.1,38.0,17.2,11.1,22.5,3.8,3.1,5.8,6.1,6.1,27.0,13.6,24.4,6.0,31.8,4.8,78.5,2.3,4.6,1.7,28.5,2.5,6.4,14.9,14.8,42.1,16.9,2.2,3.7,30.4,37.6,7.8,39.3,47.4,16.4,14.6,9.1,33.8,7.5,3.6,5.6,6.4,19.1,21.4,16.5,42.9,40.4,33.9
"PM2.5 air pollution, mean annual exposure (micrograms per cubic meter)",56.91080835,38.8840107,32.38850491,13.31183395,32.52811834,8.550324401,12.47796673,19.92866362,17.36772049,70.81620768,60.84578458,18.76557991,12.88651847,23.01189211,38.99995876,37.9265032,21.5689866,27.74766896,23.09438618,12.70662947,5.903065468,38.89626795,34.7787001,25.61429187,72.79309622,6.428383133,21.03629906,52.66459583,16.52721022,46.63822028,15.7259203,25.88626634,17.90177229,17.2944062,16.07124535,10.02965344,45.5496176,13.72632115,14.88610066,86.99945205,24.47229229,6.732124015,17.16878731,38.97873776,10.8401599,5.861331001,11.81496362,44.38554846,33.98263855,22.19605462,12.02876736,34.7135141,16.21826638,24.07064893,26.0624902,29.77470228,22.37557463,20.62885065,15.92604819,6.481147263,90.87321047,16.5026533,61.63623571,8.208576735,21.38110224,16.75071194,13.40415053,11.70477819,33.00608118,13.82428836,28.57837427,25.03942539,60.74515954,22.73776806,25.10953834,13.42645752,30.62111051,28.02865352,17.98411246,11.85328236,10.3646374,23.56592147,16.03580871,7.795820799,38.52660616,13.90954337,47.42299178,14.45782732,20.92111579,16.25103271,40.11284905,32.59354146,21.29869546,35.55745292,25.3587654,99.73437372,12.03440807,5.956001129,17.61418045,94.05381768,71.79817438,29.72694451,6.956519803,41.11523827,58.28241877,11.40005433,12.29441826,11.90908085,24.78672805,18.06979891,20.87782222,8.160752248,91.18732793,14.61134019,16.16022381,43.21021716,11.54802701,28.53958436,87.94544668,40.6958259,24.72635819,21.62594668,19.0782565,17.56291134,16.02397998,25.10220499,9.697927863,11.09961724,22.40081712,22.20051632,55.37083444,24.78001054,6.18466509,10.3031001,46.15218537,29.07664051,26.25672656,19.25720917,35.73133561,24.10856843,37.65599375,44.31152568,50.49432132,20.30977582,10.47269039,7.409441662,9.27488332,28.4559012,17.00855357,29.62672834,50.45600689,27.43803476,22.25167109
People using at least basic drinking water services (% of population),56.16964508,93.05519235,52.7573469,98.93041181,99.26163137,99.94645085,100.0000028,88.66653307,98.80143185,100.0,96.68811244,96.72971395,100.0000016,95.8901849,65.53675774,95.19118109,90.11291252,96.35200229,86.45558795,97.02484686,99.90000909,58.34740799,84.51823935,72.25059394,60.26988028,99.34176479,99.15830429,90.51711232,96.00554539,69.05953919,99.04613622,72.43720575,99.50775561,99.67227696,99.87410974,100.0000032,75.53988504,95.47181031,91.65299851,98.81579497,93.62683786,99.66355894,65.89697843,36.73983306,93.92133921,99.99999775,99.99558535,84.79219994,77.21252861,96.54475881,100.0000024,77.39299425,100.0,92.29375042,62.64186336,64.12550905,94.09735383,92.62791682,99.96997877,99.99999883,89.4046165,86.53343441,92.81964656,97.3489205,99.99999766,99.4876503,90.17014235,98.849375,99.06368458,93.30480733,56.33693125,99.3386437,100.0,86.26758683,74.05544091,98.42048507,91.34302011,68.26103022,70.90736343,95.6610179,99.96524526,65.13719927,96.8234309,98.3498444,71.49079161,100.0000023,63.27145115,99.86669191,97.34483119,87.58999075,79.78898439,82.06017612,46.72533374,75.75213459,81.19610017,86.90636437,100.0000022,100.0,81.41180434,47.14161202,65.93980606,93.17531103,99.9999976,88.99131473,90.15339228,94.4641652,38.98948278,94.5970072,88.93096555,91.59082269,98.36995636,99.86824691,99.81490083,100.0,96.57318898,54.8363394,95.87205981,80.95905558,99.3334787,75.79665353,87.7986654,55.7867486,100.0,99.52016903,99.53936432,90.99049731,99.95663527,87.09783347,97.42607817,95.00283488,56.1067192,93.83448494,99.99999619,100.0,74.97488157,49.27417887,98.78436153,70.18645317,60.67820055,98.18496206,94.76261698,98.54240105,43.42022923,94.02839527,99.99999849,99.24795496,98.88006731,97.12731239,95.94233354,91.04709896,59.5662387,57.56090789,65.97417143
Rural population (% of total population),76.052,31.764,39.472,9.01,36.66,14.7,42.885,46.363,17.524,11.305,68.775,24.812,2.302,54.772,56.392,64.415,33.126,54.122,36.135,15.369,24.69,89.085,37.678,79.337,47.836,18.904,12.868,49.489,21.665,36.288,27.132,52.249,44.678,32.594,26.815,13.043,22.936,25.173,37.149,57.0,33.675,32.035,77.3,82.265,47.317,15.687,21.378,13.908,43.616,44.081,22.84,48.606,23.351,51.299,66.034,59.492,73.6,47.457,30.642,6.413,68.724,49.405,30.732,38.258,8.108,31.556,46.07,8.931,12.828,43.1,76.031,18.077,0.0,64.648,69.34,32.131,12.516,74.69,51.807,33.259,11.094,84.328,28.391,63.151,63.201,5.859,52.507,58.556,21.889,57.411,32.037,41.419,67.664,70.925,57.363,82.892,12.121,13.9,42.887,83.784,55.634,42.908,20.545,23.817,64.798,34.563,87.0,40.416,23.383,54.478,39.22,38.833,1.398,46.04,26.268,83.062,80.143,33.936,17.698,55.812,44.785,60.752,0.0,45.58,47.117,37.254,21.327,81.789,81.55,50.644,66.793,33.724,14.703,26.369,73.479,71.202,55.302,71.921,61.968,46.164,33.062,28.598,80.102,31.311,18.43,19.056,5.388,48.85,11.892,68.92,67.636,60.149,66.985
Secure Internet servers (per 1 million people),43.44783505,63.32570155,10.79929978,1628.591391,271.3248975,21544.79377,7431.714636,259.4876636,1508.797389,359.4199484,65.2155153,2259.886649,8300.544045,8002.256706,4.205739779,118.0308168,109.5341724,1499.018209,68.47675056,1581.638554,1620.833363,4.618074182,260.46657,55.15504815,8.548384569,26566.66043,7258.192401,209.120056,462.9755924,4.69602806,1161.424934,8.675202821,14607.96391,17364.03092,25419.94205,43757.82743,22.2434771,98.1629545,209.9448442,36.18733063,61.52042807,29131.21763,40.89786824,0.714285553,149.2947249,22324.1145,14831.36484,28.08957475,47.87943777,2360.244249,34181.27844,94.22600939,3695.693753,71.79523774,1.574471812,2.735011317,32.24886839,79.54172934,13627.14174,57638.32266,123.1015668,1280.673602,10.41201183,38597.46707,6967.624207,7744.061541,137.2886619,5980.236099,108.0868495,1232.247257,36.5779793,1198.942929,484.2090886,103.0944468,16.39571784,11948.01076,119.3504342,20.08212633,1.913986306,13058.25231,43014.34091,10.41297638,4917.725842,421.0297299,7.670536831,14102.59424,4.203079737,379.5627595,185.4824199,3655.325756,1527.083329,284.2785875,7.748959676,9.909599538,119.4537758,158.2502761,70412.12761,14980.49605,122.3207105,0.462909985,222.8127116,498.0797273,14572.57273,141.8793875,115.0715794,2151.325214,31.04990514,186.8339036,218.5769966,87.84551937,6534.934485,12464.78258,401.1415468,12255.29412,3541.09719,18.27903777,296.899955,38.63073365,166.8018816,8.820068717,5802.567151,1.869550511,58690.33345,6963.666929,19594.09366,9430.697312,7247.039034,305.2135796,193.4182532,163.8941244,1.873547408,201.5789769,13619.1204,32951.99625,20.0444401,22.70236598,578.2846715,12.06504507,4.54635496,290.4473178,214.2836589,3351.870016,20.40694113,3948.260511,21195.88532,30350.78432,1103.692379,202.1698993,293.4971065,1348.715951,3.377065008,42.3646148,30.55473706
"Services, value added (% of GDP)",52.99086504,42.87198537,46.81392753,52.94054347,47.41304375,65.75591325,62.65379327,34.18691465,78.50146152,52.47439417,53.63575432,45.65231231,69.16114583,59.32011667,49.52855165,38.234779,41.46535148,56.87505734,55.76208955,61.25099131,32.83602516,39.12782297,61.23160908,39.7038516,51.83515376,64.90199745,56.69632505,48.27094655,54.63407537,25.748687,66.37579679,51.53851128,58.82061791,75.85949809,53.65549868,65.59860768,80.32291982,58.71957123,49.34507173,52.32098122,59.41895627,59.53114445,50.25403327,39.8920085,55.54368064,60.73553507,70.3461076,35.34740028,56.43873189,61.6501735,62.10857305,36.11345027,70.84376437,60.89863332,43.35338786,41.92935484,44.54520918,60.15394318,54.71777142,63.69993046,47.82241376,42.24218531,38.562,65.65761418,67.71487464,67.08570377,63.64349251,70.48721871,61.08771184,54.83859647,47.97578408,55.64499447,42.1705567,50.61193829,44.15767861,65.18879592,73.75549315,52.96775921,48.53451018,59.56820258,78.29684051,49.79632753,50.12260008,75.40509285,37.30987853,73.07166079,44.3634547,65.67277624,60.19451641,52.28281443,45.82421526,51.61847725,47.95583894,37.68048263,58.11099076,48.65457179,69.91035797,65.40020975,48.54930546,37.95481691,54.15312801,53.82663263,53.94732066,38.85429799,51.70124684,66.56691005,44.47550509,47.09948973,52.39289805,56.6808739,56.63694541,66.32175675,32.85077892,52.18444006,55.68483069,49.17623202,72.00547866,69.43968178,40.53099358,53.60853292,51.69247881,29.826838,70.34419783,56.25189625,56.28847834,61.02073783,68.44940406,56.90119163,74.90398521,64.38419609,45.42696559,52.61940557,65.68175158,70.82126039,41.11050115,41.29569549,53.1480274,63.43223437,28.05470547,50.23111123,58.16937776,53.6582483,43.56858021,54.1589184,70.13685549,75.83813679,59.09565571,36.08465598,51.66747816,39.03639442,27.27197127,53.51257781,57.59105441
Trade in services (% of GDP),13.87470394,7.184300418,18.2819242,5.972422727,28.88923203,8.469315173,28.01635703,19.51494414,40.79995986,45.93214155,6.306469142,17.39960901,45.44672005,43.23459904,10.28113132,16.46514521,12.77924852,11.79388304,13.62859059,5.213266051,16.04625986,12.617984,53.61506882,35.29128094,13.4054482,11.4815891,9.630844441,6.224165887,5.650360285,30.83344882,19.12480807,11.22919896,28.30711968,81.53729119,22.82199791,39.15378028,63.00206188,14.9203823,5.775548051,12.91108708,16.74621175,45.01598558,8.699276979,13.31194765,39.913412,20.82340955,18.42983816,13.86890505,21.33440258,27.12448679,16.48751432,12.47057112,24.57262639,10.92278,6.934072373,15.51143871,19.72469852,21.91768935,31.10815195,41.68771251,11.6870933,6.406668687,9.544153216,107.7144068,19.31796696,10.7280211,37.39370118,7.347134113,32.40820074,9.415973319,13.62736655,15.29959661,18.48042502,28.75673251,14.42914598,26.27478259,58.0965807,14.36039843,29.20433407,27.52504362,281.0599469,6.252924094,25.84607821,102.5498603,18.32235571,210.2593577,17.88588809,39.26813951,4.233858371,22.68391435,20.47372777,22.80881492,24.73441514,8.136754902,15.22632805,12.92627295,35.68188742,13.83238546,18.51273157,12.26918057,4.732234838,25.99719818,21.45318804,16.21300749,5.8450434,32.80790842,10.81205046,5.226493031,6.816367805,15.60412386,15.65854467,20.27362714,22.49266643,16.70507259,9.069681132,15.03779099,36.1011463,44.26168707,14.94826054,14.02188786,20.13606572,28.75521279,101.7769043,17.83615792,26.43087269,9.652521806,14.91746891,11.75685678,64.46285558,46.15143482,5.609448617,19.19219491,25.06316267,31.02569882,9.978682001,12.09699221,23.85908926,36.33787995,20.02409136,15.00600745,17.07677616,9.652361325,15.00995206,20.40846726,20.52596578,6.973345937,16.77490343,6.847662934,3.971727974,13.67849815,10.29933757,9.190404977,11.88212872
"Vulnerable employment, total (% of total employment) (modeled ILO estimate)",79.72600174,26.9929992,65.99500084,21.80499911,38.66799879,10.63399966,7.385000229,55.2310009,14.06600025,1.081,55.24999905,3.286999948,10.18899989,29.62200046,87.73200321,71.47900009,63.22400093,16.15399957,25.91200066,27.90799952,6.035000056,94.58099747,35.16800022,50.27900171,73.56200123,10.69100039,22.69400036,45.37799931,47.05699992,75.97800112,21.05600035,71.18599892,7.271000266,11.06000042,13.68100014,4.89500007,44.74099922,40.39999998,46.72800159,20.72099972,34.19100094,6.148999959,32.63699913,85.97100067,43.14100075,9.585000366,7.428000182,31.46399963,72.05099964,49.08399963,5.620000124,68.70099831,25.79600072,37.54300117,89.37400246,75.73999786,25.5129993,41.38999939,6.024000153,8.107999831,74.26999855,47.8949995,19.79299974,10.6099996,8.267999947,16.86599994,35.77300012,8.306999922,9.201999754,23.15400092,51.30000019,19.04099965,1.083000006,33.78899908,80.05400085,7.142999858,26.88199925,16.31000018,77.19799995,9.152000487,5.61499989,59.18899965,21.78900099,19.46700072,80.98599815,9.809000198,52.50300121,16.171,26.93200016,37.34700131,48.48599863,47.53800011,83.14599991,59.05900192,31.0199995,78.41500092,12.65300006,12.08699977,40.86999989,93.6760025,77.61199856,19.02799988,4.906000108,2.633000016,55.48300171,34.21799946,77.92200089,37.48400021,50.41799927,32.69899893,16.05900002,11.84800011,0.144000003,23.72199917,5.350000024,67.99599838,29.98300028,48.11400032,3.015999917,64.62800026,24.29699898,86.12500334,9.665999621,11.79799993,11.19599962,10.29799986,10.98200044,38.99600029,29.597,19.86499906,50.40100098,12.19399989,6.063000068,8.941000104,41.7519989,82.72800064,48.47200012,67.65499878,80.91100121,18.14000082,19.9640007,27.04299927,75.23900032,14.85200046,12.99799958,3.836999949,24.31999999,41.97700024,35.6100018,54.07400036,45.62699986,78.13399887,64.73900127
